SKU_ID,Forecast_Date,Predicted_Demand
SKU001,2026-10-10,39.9
SKU001,2026-10-11,39.9
SKU001,2026-10-12,39.9
SKU001,2026-10-13,39.9
SKU001,2026-10-14,39.9
SKU001,2026-10-15,39.9
SKU001,2026-10-16,39.9
SKU001,2026-10-17,39.9
SKU001,2026-10-18,39.9
SKU001,2026-10-19,39.9
SKU001,2026-10-20,39.9
SKU001,2026-10-21,39.9
SKU001,2026-10-22,39.9
SKU001,2026-10-23,39.9
SKU002,2026-10-10,7.8
SKU002,2026-10-11,7.8
SKU002,2026-10-12,7.8
SKU002,2026-10-13,7.8
SKU002,2026-10-14,7.8
SKU002,2026-10-15,7.8
SKU002,2026-10-16,7.8
SKU002,2026-10-17,7.8
SKU002,2026-10-18,7.8
SKU002,2026-10-19,7.8
SKU002,2026-10-20,7.8
SKU002,2026-10-21,7.8
SKU002,2026-10-22,7.8
SKU002,2026-10-23,7.8
SKU003,2026-10-10,83.6
SKU003,2026-10-11,83.6
SKU003,2026-10-12,83.6
SKU003,2026-10-13,83.6
SKU003,2026-10-14,83.6
SKU003,2026-10-15,83.6
SKU003,2026-10-16,83.6
SKU003,2026-10-17,83.6
SKU003,2026-10-18,83.6
SKU003,2026-10-19,83.6
SKU003,2026-10-20,83.6
SKU003,2026-10-21,83.6
SKU003,2026-10-22,83.6
SKU003,2026-10-23,83.6
SKU004,2026-10-10,11.6
SKU004,2026-10-11,11.6
SKU004,2026-10-12,11.6
SKU004,2026-10-13,11.6
SKU004,2026-10-14,11.6
SKU004,2026-10-15,11.6
SKU004,2026-10-16,11.6
SKU004,2026-10-17,11.6
SKU004,2026-10-18,11.6
SKU004,2026-10-19,11.6
SKU004,2026-10-20,11.6
SKU004,2026-10-21,11.6
SKU004,2026-10-22,11.6
SKU004,2026-10-23,11.6
SKU005,2026-10-10,65.0
SKU005,2026-10-11,65.0
SKU005,2026-10-12,65.0
SKU005,2026-10-13,65.0
SKU005,2026-10-14,65.0
SKU005,2026-10-15,65.0
SKU005,2026-10-16,65.0
SKU005,2026-10-17,65.0
SKU005,2026-10-18,65.0
SKU005,2026-10-19,65.0
SKU005,2026-10-20,65.0
SKU005,2026-10-21,65.0
SKU005,2026-10-22,65.0
SKU005,2026-10-23,65.0
SKU006,2026-10-10,39.9
SKU006,2026-10-11,39.9
SKU006,2026-10-12,39.9
SKU006,2026-10-13,39.9
SKU006,2026-10-14,39.9
SKU006,2026-10-15,39.9
SKU006,2026-10-16,39.9
SKU006,2026-10-17,39.9
SKU006,2026-10-18,39.9
SKU006,2026-10-19,39.9
SKU006,2026-10-20,39.9
SKU006,2026-10-21,39.9
SKU006,2026-10-22,39.9
SKU006,2026-10-23,39.9
SKU007,2026-10-10,6.0
SKU007,2026-10-11,6.0
SKU007,2026-10-12,6.0
SKU007,2026-10-13,6.0
SKU007,2026-10-14,6.0
SKU007,2026-10-15,6.0
SKU007,2026-10-16,6.0
SKU007,2026-10-17,6.0
SKU007,2026-10-18,6.0
SKU007,2026-10-19,6.0
SKU007,2026-10-20,6.0
SKU007,2026-10-21,6.0
SKU007,2026-10-22,6.0
SKU007,2026-10-23,6.0
SKU008,2026-10-10,52.1
SKU008,2026-10-11,52.1
SKU008,2026-10-12,52.1
SKU008,2026-10-13,52.1
SKU008,2026-10-14,52.1
SKU008,2026-10-15,52.1
SKU008,2026-10-16,52.1
SKU008,2026-10-17,52.1
SKU008,2026-10-18,52.1
SKU008,2026-10-19,52.1
SKU008,2026-10-20,52.1
SKU008,2026-10-21,52.1
SKU008,2026-10-22,52.1
SKU008,2026-10-23,52.1
SKU009,2026-10-10,31.9
SKU009,2026-10-11,31.9
SKU009,2026-10-12,31.9
SKU009,2026-10-13,31.9
SKU009,2026-10-14,31.9
SKU009,2026-10-15,31.9
SKU009,2026-10-16,31.9
SKU009,2026-10-17,31.9
SKU009,2026-10-18,31.9
SKU009,2026-10-19,31.9
SKU009,2026-10-20,31.9
SKU009,2026-10-21,31.9
SKU009,2026-10-22,31.9
SKU009,2026-10-23,31.9
SKU010,2026-10-10,59.1
SKU010,2026-10-11,59.1
SKU010,2026-10-12,59.1
SKU010,2026-10-13,59.1
SKU010,2026-10-14,59.1
SKU010,2026-10-15,59.1
SKU010,2026-10-16,59.1
SKU010,2026-10-17,59.1
SKU010,2026-10-18,59.1
SKU010,2026-10-19,59.1
SKU010,2026-10-20,59.1
SKU010,2026-10-21,59.1
SKU010,2026-10-22,59.1
SKU010,2026-10-23,59.1
