SKU_ID,Name,Category,Unit_Cost,Price,Lead_Time,Shelf_Life_Days,Holding_Cost_Pct,MOQ
SKU001,Amul Butter 500g,Dairy,200.0,243.9,2.0,15,0.02,6
SKU002,Surf Excel 1kg,Detergent,180.0,230.77,7.0,365,0.045,6
SKU003,Lays Classic 26g,Snacks,12.0,17.39,12.0,45,0.04,12
SKU004,Tata Salt 1kg,Staples,18.0,18.75,3.0,730,0.03,12
SKU005,Maggi 70g,Instant Food,8.0,11.11,4.0,180,0.02,12
SKU006,Colgate Strong 200g,Personal Care,90.0,138.46,9.0,730,0.03,6
SKU007,Fortune Oil 5L,Edible Oil,750.0,824.18,5.0,180,0.07,6
SKU008,Parle-G 800g,Biscuits,55.0,67.9,3.0,120,0.02,6
SKU009,Dettol Liquid 250ml,Personal Care,95.0,128.38,6.0,730,0.02,6
SKU010,Haldirams Namkeen 400g,Snacks,60.0,78.95,8.0,60,0.04,6
